Variable Name,Nom de la variable,"Variable Code (2011-2012, 2012-2013) / Code de la variable (2011-2012, 2012-2013)",Detection Limit (DL) /  Limite de détection de la méthode (LD),Variable Code (2013-2018) / Code de la variable (2013-2018),Detection Limit (DL) /  Limite de détection de la méthode (DL),Variable Code / Code de la variable,Detection Limit (DL) /  Limite de détection de la méthode (LD),Variable Code (Metal45) / Code de la variable (Métaux45),Variable Code (Metals34) / Code de la variable (Métaux34),Detection Limit (DL) /  Limite de détection de la méthode (LD),Unit / Unité,Laboratory / Laboratoire ,,Notes/ Remarques
CALCIUM DISSOLVED (FILTERED),Calcium dissous / filtré,20103,0.05,109109,0.01,,,,,,MG/L,NLET Burlington,,
MAGNESIUM DISSOLVED (FILTERED),Magnésium dissous / filtré,12102,0.01,109111,0.01,,,,,,MG/L,NLET Burlington,,
SODIUM DISSOLVED FILTERED,Sodium dissous / filtré,100500,0.01,109111,0.01,,,,,,MG/L,NLET Burlington,,
POTASSIUM DISSOLVED (FILTERED),Potassium dissous/filtré,100499,0.01,109110,0.01,,,,,,MG/L,NLET Burlington,,
FLUORIDE DISSOLVED,Fluorure dissous,108310,0.01,108310,0.01,,,,,,MG/L,NLET Burlington,,
CLORIDE DISSOLVED,Chlorures dissous,108311,0.01,108311,0.01,,,,,,MG/L,NLET Burlington,,
SULPHATE DISSOLVED,Sulfates dissous,108312,0.01,109113,0.01,,,,,,MG/L,NLET Burlington,,
TOTAL ALKALINITY,Alcalinité totale,10111,0.1,10111,0.1,,,,,,MG/L CaCO3,NLET Burlington,,
GRAN ALKALINITY,Alcalinité Gran,10110,,10110,,,,,,,MG/L CaCO3,NLET Burlington,,
PHENOLPHTHALEIN ALKALINITY,Alcalinité phénolphtaléine,10151,0.1,10151,0.1,,,,,,MG/L CaCO3,NLET Burlington,,
PH, pH,10301,,10301,,,,,,,PHUNITS,NLET Burlington,,
CONDUCTIVITY,Conductance spécifique,2041,0.9,2041,0.9,,,,,,US/CM,NLET Burlington,,
COLOUR-TRUE,Couleur vraie,2021,5,2021,5,,,,,,COL.UNIT,NLET Saskatoon ,,
TURBIDITY,Turbidité,2081,0.01,2081,0.01,,,,,,NTU,NLET Saskatoon ,,
TURBIDITY,Turbidité,459,0.05,459,0.05,,,,,,NTU,PYLET,,
COLOUR-TRUE,Couleur vraie,2021,2.5,2021,2.5,,,,,,COL.UNIT,PYLET,,
CARBON PARTICULATE ORGANIC,Carbone organique particulaire,,,,,6902,0.005,,,,MG/L,NLET Burlington,,
NITROGEN PARTICULATE,Azote particulaire ,,,,,7902,0.002,,,,MG/L,NLET Burlington,,
AMMONIA DISSOLVED,Azote ammoniacal dissous,,,,,7540,0.005,,,,MG/L,NLET Saskatoon,,
POC,Carbone organique particulaire,,,,,6901,0.04,,,,MG/L,NLET Saskatoon,,
PON,Azote particulaire ,,,,,7901,0.01,,,,MG/L,NLET Saskatoon,,
Phosphorous Ortho ,Phosphore ortho,,,,,15265,0.002,,,,MG/L,NLET Saskatoon,,
Phosphorous Dissolved ,Phosphore total dissous,,,,,15465,0.002,,,,MG/L,NLET Saskatoon,,
Nitrogen Total Dissolved ,Azote total dissous ,,,,,7657,0.01,,,,MG/L,NLET Saskatoon,,
Nitrogen Total Dissolved ,Azote total dissous ,,,,,108767,0.015,,,,MG/L,NLET Saskatoon,,
CARBON DISSOLVED ORGANIC,Carbone organique dissous ,,,,,6104,0.1,,,,MG/L,NLET Saskatoon,,
CARBON DISSOLVED ORGANIC,Carbone organique dissous ,,,,,6104,0.5,,,,MG/L,PYLET,,
Nitrogen-NO3+NO2, Nitrites/nitrates dissous,,,,,7110,0.002,,,,MG/L,NLET Saskatoon,,
Phosphorous Total ,Phosphore total,,,,,15423,0.002,,,,MG/L,NLET Saskatoon,,
Phosphorous-Total Low Level,Phosphore total faible niveau,,,,,15413,0.0002,,,,MG/L,NLET Saskatoon,,
Phosphorous-Diss Low level,Phosphore dissous faible niveau,,,,,15463,0.0002,,,,MG/L,NLET Saskatoon,,
TSS,Résidus non-filtrables,,,,,10401,1,,,,MG/L,NLET Saskatoon,,
FSS,Résidus fixes non-filtrables,,,,,10501,1,,,,MG/L,NLET Saskatoon,,
TSS,Résidus non-filtrables,,,,,10401,5,,,,MG/L,PYLET,,
FSS,Résidus fixes non-filtrables,,,,,10501,10,,,,MG/L,PYLET,,
AMMONIA DISSOLVED,Azote ammoniacal dissous,,,,,7556,0.005,,,,MG/L,TAIGA,,
CARBON DISSOLVED ORGANIC,Carbone organique dissous ,,,,,106008,0.5,,,,MG/L,TAIGA,,
NITRATE/  NITRITE,Nitrate / Nitrite,,,,,106000,0.01,,,,MG/L,TAIGA,,
NITROGEN DISSOLVED,Azote dissous ,,,,,107205,0.06,,,,MG/L,TAIGA,,
NITROGEN NITRATE,Azote nitrate,,,,,106018,0.01,,,,MG/L,TAIGA,,
NITROGEN NITRITE,Azote nitrite,,,,,106017,0.01,,,,MG/L,TAIGA,,
NITROGEN TOTAL,Azote total,,,,,107200,0.06,,,,MG/L,TAIGA,,
PHOSPHOROUS TOTAL,Phosphore total,,,,,106007,0.01,,,,MG/L,TAIGA,,
PHOSPHOROUS TOTAL DISSOLVED,Phosphore total dissous,,,,,106006,0.01,,,,MG/L,TAIGA,,
PHOSPHOROUS TOTAL,Phosphore total,,,,,108864,0.003,,,,MG/L,TAIGA,,
PHOSPHOROUS TOTAL,Phosphore total,,,,,15406,NA,,,,MG/L,TAIGA,,
PHOSPHOROUS TOTAL DISSOLVED,Phosphore total dissous,,,,,108865,0.003,,,,MG/L,TAIGA,,
PHOSPHOROUS TOTAL DISSOLVED,Phosphore total dissous,,,,,15102,NA,,,,MG/L,TAIGA,,
RESIDUE FILTERABLE,Résidus filtrables,,,,,106004,1,,,,MG/L,TAIGA,,
RESIDUE NONFILTERABLE,Résidus non-filtrables,,,,,106005,3,,,,MG/L,TAIGA,,
TOTAL PETROLEUM HYDROCARBONS (TPH),Hydrocarbures pétrole totaux,,,,,108940,0.1,,,,MG/L,PNLET,,
TOTAL CYANIDE,Cyanure total,,,,,108861,0.06,,,,MG/L,PNLET,,
TOTAL PHENOLS,Phénol,,,,,108939,0.003,,,,MG/L,PNLET,,
BENZENE,Benzène,,,,,108822,0.1,,,,UG/L,PNLET,,
TOLUENE,Toluène,,,,,108827,0.05,,,,UG/L,PNLET,,
ETHYL BENZENE,Éthylbenzène,,,,,108835,0.1,,,,UG/L,PNLET,,
M-+P-XYLENE,"Diméthylbenzènes (xylènes (m,p))",,,,,108836,0.1,,,,UG/L,PNLET,,
O-XYLENE,"1,2-xylène (o-xylène) ",,,,,108837,0.05,,,,UG/L,PNLET,,
MERCURY TOTAL,Mercure total,,,,,74475,0.035,,,,NG/L,FLETT,,
METHYL MERCURY,Méthylmercure,,,,,111116,0.03,,,,NG/L,FLETT,,
INDENE,Indène,,,,,102123,5.05,,,,NG/L,NLET Burlington,,
"1,2,3,4-TETRAHYDRONAPHTHALENE","1,2,3,4-tétrahydronaphtalène",,,,,102124,5.71,,,,NG/L,NLET Burlington,,
NAPHTHALENE,Naphtalène,,,,,102125,5.8,,,,NG/L,NLET Burlington,,
2-METHYLNAPHTHALENE,2-méthylnaphtalène,,,,,102126,7.59,,,,NG/L,NLET Burlington,,
1-METHYLNAPHTHALENE,1-méthylnaphtalène ,,,,,102127,6.73,,,,NG/L,NLET Burlington,,
2-CHLORONAPHTHALENE,2-chloronaphtalène,,,,,102128,6.65,,,,NG/L,NLET Burlington,,
ACENAPHTHYLENE,Acénaphtylène,,,,,102129,6.53,,,,NG/L,NLET Burlington,,
ACENAPHTHENE,Acenaphtène,,,,,102130,5.17,,,,NG/L,NLET Burlington,,
FLUORENE,Fluorène,,,,,102131,6.38,,,,NG/L,NLET Burlington,,
PHENANTHRENE,Phénanthrène,,,,,102132,6.2,,,,NG/L,NLET Burlington,,
ANTHRACENE,Anthracène,,,,,102133,6.12,,,,NG/L,NLET Burlington,,
FLUORANTHENE,Fluoranthène,,,,,102134,4.08,,,,NG/L,NLET Burlington,,
PYRENE,Pyrène,,,,,102135,3.93,,,,NG/L,NLET Burlington,,
BENZO(A)ANTHRACENE,Benzo(a)anthracène,,,,,102136,9.96,,,,NG/L,NLET Burlington,,
CHRYSENE,Chrysène,,,,,102137,2.95,,,,NG/L,NLET Burlington,,
BENZO(B)FLUORANTHENE,Benzo(b)fluoranthène,,,,,106023,10,,,,NG/L,NLET Burlington,,
BENZO(K)FLUORANTHENE,Benzo(k)fluoranthène,,,,,106024,8.63,,,,NG/L,NLET Burlington,,
BENZO(E)PYRENE,Benzo(e)pyrène,,,,,106025,8.7,,,,NG/L,NLET Burlington,,
BENZO(A)PYRENE,Benzo(a)pyrène,,,,,106026,9.42,,,,NG/L,NLET Burlington,,
PERYLENE,Perylène,,,,,106027,13.4,,,,NG/L,NLET Burlington,,
"INDENO(1,2,3-CD)PYRENE","Indéno(1,2,3-c,d)pyrène",,,,,106028,18,,,,NG/L,NLET Burlington,,
"DIBENZ(A,H)ANTHRACENE","Dibenz(a,h)anthracène",,,,,106029,25.1,,,,NG/L,NLET Burlington,,
"BENZO(G,H,I)PERYLENE","Benzo(g,h,i)pérylène",,,,,106030,17.1,,,,NG/L,NLET Burlington,,
NAPHTHALENE-D8,Naphtalène-D8,,,,,102146,1,,,,%,NLET Burlington,,
FLUORENE-D10,Fluorène-D10,,,,,102147,1,,,,%,NLET Burlington,,
PYRENE-D10,Pyrène-D10,,,,,102148,1,,,,%,NLET Burlington,,
D-PERYLENE,Pérylène-D12,,,,,74343,1,,,,%,NLET Burlington,,
DIBENZOTHIOPENE,Dibenzothiophène,,,,,106031,8.16,,,,NG/L,NLET Burlington,,
RETENE,Rétène,,,,,106032,13.6,,,,NG/L,NLET Burlington,,
Naphthalene,Naphtalène,,,,,1336,1.15,,,,ng/L,NLET Burlington,,
Acenaphthylene,Acénaphtylène,,,,,1337,0.83,,,,ng/L,NLET Burlington,,
Acenaphthene,Acénaphtène,,,,,1338,0.75,,,,ng/L,NLET Burlington,,
Fluorene,Fluorène,,,,,1339,0.69,,,,ng/L,NLET Burlington,,
Phenanthrene,Phénanthrène,,,,,1340,1.07,,,,ng/L,NLET Burlington,,
Anthracene,Athracène,,,,,1341,0.85,,,,ng/L,NLET Burlington,,
Fluoranthene,Fluoranthène,,,,,1342,0.93,,,,ng/L,NLET Burlington,,
Pyrene,Pyrène,,,,,1343,1.29,,,,ng/L,NLET Burlington,,
Chrysene,Chrysène,,,,,1344,1.08,,,,ng/L,NLET Burlington,,
Benzo(b)fluoranthene,Benzo(b)fluoranthène,,,,,1345,1.62,,,,ng/L,NLET Burlington,,
Benzo(k)fluoranthene,Benzo(k)fluoranthène,,,,,1346,1.59,,,,ng/L,NLET Burlington,,
Benzo( e ) pyrene,Benzo(e)pyrène,,,,,1347,1.65,,,,ng/L,NLET Burlington,,
Benzo(a)pyrene,Benzo(a)pyrène,,,,,1348,1.75,,,,ng/L,NLET Burlington,,
"Indeno(1,2,3-cd)pyrene","Indéno(1,2,3-c,d)pyrène",,,,,1349,0.7,,,,ng/L,NLET Burlington,,
"Dibenzo(a,h)anthracene","Dibenz(a,h)anthracène",,,,,1350,0.53,,,,ng/L,NLET Burlington,,
Benzo(ghi)perylene,"Benzo(g,h,i)pérylène",,,,,1351,3.51,,,,ng/L,NLET Burlington,,
2-Chloronaphthalene,2-chloronaphtalène,,,,,1352,TBD,,,,TBD,NLET Burlington,,
"1,2,3,4-Tetrahydronaphthalene","1,2,3,4-tétrahydronaphtalène",,,,,1353,TBD,,,,TBD,NLET Burlington,,
Naphthalene-D8,Naphtalène-D8,,,,,1354,1,,,,%,NLET Burlington,,
Fluorene-D10,Fluorène-D10,,,,,1355,1,,,,%,NLET Burlington,,
Pyrene-D10,Pyrène-D10,,,,,1356,1,,,,%,NLET Burlington,,
Perylene-D12,Pérylène-D12,,,,,1357,1,,,,%,NLET Burlington,,
C1-methylnaphthalene (2 pks),Naphtalènes-C1,,,,,109658,7.14,,,,ng/L,NLET Burlington,,
BIPHENYL,Biphényle,,,,,109659,3.36,,,,ng/L,NLET Burlington,,
"C2-1,6-dimethylnaphthalene (5pks)",Naphthalène-C2,,,,,109660,3.4,,,,ng/L,NLET Burlington,,
C3-2-Isopropylnaphthalene,2-isopropylnaphtalène-C3,,,,,109661,0.23,,,,ng/L,NLET Burlington,,
C3-Trimethylnaphthalene, triméthylnaphtalène-C3,,,,,109662,0.46,,,,ng/L,NLET Burlington,,
9-methylfluorene,9-méthylfluorène,,,,,109663,0.31,,,,ng/L,NLET Burlington,,
9-ethylfluorene,9-éthylfluorène,,,,,109664,0.17,,,,ng/L,NLET Burlington,,
C1-methylfluorene (3pks),Fluorène-C1,,,,,109665,4.86,,,,ng/L,NLET Burlington,,
C4-tetramethylnaphthalene,Naphtalènes alkylés-C3,,,,,109666,0.69,,,,ng/L,NLET Burlington,,
C3-N-propylfluorene,n-propylfluorène-C3,,,,,109667,0.23,,,,ng/L,NLET Burlington,,
"C2-1,9-dimethylfluorene","1,9-diméthylfluorène-C2",,,,,109668,1.15,,,,ng/L,NLET Burlington,,
C4-N-butylfluorene,n-butylfluorène-C4,,,,,109669,0.49,,,,ng/L,NLET Burlington,,
C1-methyldibenzothiophene (3pks),Dibenzothiophène-C1,,,,,109670,0.69,,,,ng/L,NLET Burlington,,
C1-methylphenanthrene (4pks),Phénanthrène-C1,,,,,109671,2.73,,,,ng/L,NLET Burlington,,
C2-dimethyldibenzothiophene,Dibenzothiophène-C2,,,,,109672,0.45,,,,ng/L,NLET Burlington,,
C3-4-propyldibenzothiophene,4-propyldibenzothiophène-C3,,,,,109674,0.12,,,,ng/L,NLET Burlington,,
"C3-2,4,7-trimethyldibenzothiophene","2,4,7-triméthyldibenzothiophène-C3",,,,,109675,0.19,,,,ng/L,NLET Burlington,,
C1-methylfluoranthene (2pks),Fluoranthène/pyrène-C1,,,,,109676,1.47,,,,ng/L,NLET Burlington,,
C3-trimethylphenanthrene (2pks),Phénanthrène/anthracène-C3,,,,,109677,2.48,,,,ng/L,NLET Burlington,,
C2-3-ethylfluoranthene,3-éthylfluoranthène-C2,,,,,109678,0.46,,,,ng/L,NLET Burlington,,
C4-tetramethylphenanthrene,Tétraméthylphénanthrène-C4,,,,,109679,0.15,,,,ng/L,NLET Burlington,,
C1-methylchrysene (5pks),Chrysène-C1,,,,,109680,0.95,,,,ng/L,NLET Burlington,,
C3-N-propylchrysene,n-propylchrysène-C3,,,,,109682,0.46,,,,ng/L,NLET Burlington,,
C4-N-butylchrysene,n-butylchrysène-C4,,,,,109683,0.18,,,,ng/L,NLET Burlington,,
C2-dimethylphenanthrene,Phénanthrène/anthracène-C2,,,,,109673,1.22,,,,ng/L,NLET Burlington,,
C2-ethylchrysene,Chrysène-C2,,,,,109681,0.51,,,,ng/L,NLET Burlington,,
3-methylcholanthrene,3-méthylcholanthrène,,,,,109684,0.34,,,,ng/L,NLET Burlington,,
C1-Naphthalenes,Naphtalène-C1,,,,,1358,3.53,,,,ng/L,NLET Burlington,,
Biphenyl,Biphényle,,,,,1359,0.77,,,,ng/L,NLET Burlington,,
C2-Naphthalenes,Naphtalène-C2,,,,,1360,5.6,,,,ng/L,NLET Burlington,,
C3-Naphthalene (Iso),Naphtalène-C3 (iso),,,,,1361,0.63,,,,ng/L,NLET Burlington,,
C3-Naphthalene (Trimethyl),Naphtalène-C3 (triméthyl),,,,,1362,1.08,,,,ng/L,NLET Burlington,,
C1-Fluorene (9 methyl),Fluorène-C1 (9 méthyl),,,,,1363,1.12,,,,ng/L,NLET Burlington,,
C2-Fluorene (9 ethyl),Fluorène-C2 (9 éthyl),,,,,1364,0.85,,,,ng/L,NLET Burlington,,
C1-Fluorenes,Fluorène-C1,,,,,1365,2.66,,,,ng/L,NLET Burlington,,
C4-Naphthalenes,Naphtalène-C4,,,,,1366,2.36,,,,ng/L,NLET Burlington,,
C3-Fluorene (npropyl),Fluorène-C3 (npropyl),,,,,1367,1.34,,,,ng/L,NLET Burlington,,
C2-Fluorene (dimethyl),Fluorène-C2 (diméthyl),,,,,1368,1.46,,,,ng/L,NLET Burlington,,
C4-Fluorene (nbutyl),Fluorène-C4 (nbutyl),,,,,1369,0.88,,,,ng/L,NLET Burlington,,
C1-Dibenzothiophenes,Dibenzothiophène-C1,,,,,1370,5.29,,,,ng/L,NLET Burlington,,
C1-Phenanthrenes,Phénanthrène-C1,,,,,1371,7.09,,,,ng/L,NLET Burlington,,
C2-Dibenzothiophenes,Dibenzothiophène-C2,,,,,1372,3.2,,,,ng/L,NLET Burlington,,
C3-Dibenzothiophene (4propyl),Dibenzothiophène-C3 (4propyl),,,,,1373,1.04,,,,ng/L,NLET Burlington,,
"C3-Dibenzothiophene (2,4,7)","Dibenzothiophène-C3 (2,4,7)",,,,,1374,5.46,,,,ng/L,NLET Burlington,,
C1-Fluoranthenes,Fluoranthène-C1,,,,,1375,4.33,,,,ng/L,NLET Burlington,,
C3-Phenanthrenes,Phénanthrène-C3,,,,,1376,2.53,,,,ng/L,NLET Burlington,,
C2-Fluoranthene (3ethyl),Fluoranthène-C2 (3éthyl),,,,,1377,1.89,,,,ng/L,NLET Burlington,,
C4-Phenanthrene (tetramethyl),Phénanthrène-C4 (tetraméthyl),,,,,1378,1.62,,,,ng/L,NLET Burlington,,
C1-Chrysenes,Chrysène-C1,,,,,1379,9.92,,,,ng/L,NLET Burlington,,
C3-Chrysene (npropyl),Chrysène-C3 (npropyl),,,,,1380,2.4,,,,ng/L,NLET Burlington,,
C4-Chysene (nbutyl),Chrysène-C4 (nbutyl),,,,,1381,1.6,,,,ng/L,NLET Burlington,,
C2-Phenanthrenes,Phénanthrène-C2,,,,,1382,2.46,,,,ng/L,NLET Burlington,,
C2-Chrysene (ethyl),Chrysène-C2 (éthyl),,,,,1383,2.08,,,,ng/L,NLET Burlington,,
Acridine,Acridine,,,,,1384,TBD,,,,TBD,NLET Burlington,,
Retene,Rétène,,,,,1385,TBD,,,,TBD,NLET Burlington,,
7-Methylbenzo(a)pyrene,7-méthylbenzo(a)pyrène,,,,,1386,TBD,,,,TBD,NLET Burlington,,
"7,10-Dimethylbenzo(a)pyrene","7,10-diméthylbenzo(a)pyrène",,,,,1387,TBD,,,,TBD,NLET Burlington,,
"Indeno(1,2,3-cd)fluoranthene","Indéno(1,2,3-cd)fluoranthène",,,,,1388,TBD,,,,TBD,NLET Burlington,,
Naphthalene,Naphtalène,,,,,111123,0.008,,,,UG/L    ,ALET,,
Acenaphtylene,Acénaphtylène,,,,,111131,0.002,,,,UG/L    ,ALET,,
Acenaphtene,Acénaphtène,,,,,111132,0.002,,,,UG/L    ,ALET,,
Fluorene,Fluorène,,,,,111138,0.002,,,,UG/L    ,ALET,,
Phenanthrene,Phénanthrène,,,,,111144,0.002,,,,UG/L    ,ALET,,
Anthracene,Athracène,,,,,111145,0.002,,,,UG/L    ,ALET,,
Fluoranthene,Fluoranthène,,,,,111150,0.002,,,,UG/L    ,ALET,,
Pyrene,Pyrène,,,,,111151,0.002,,,,UG/L    ,ALET,,
Benzo(a) Anthracene,Benzo(a)anthracène,,,,,111152,0.002,,,,UG/L    ,ALET,,
Chrysene,Chrysène,,,,,111153,0.002,,,,UG/L    ,ALET,,
Benzo(b) Fluranthene,Benzo(b)fluoranthène,,,,,111158,0.002,,,,UG/L    ,ALET,,
Benzo(k) Fluranthene,Benzo(k)fluoranthène,,,,,111159,0.002,,,,UG/L    ,ALET,,
Benzo (a) Pyrene,Benzo(a)pyrène,,,,,111161,0.002,,,,UG/L    ,ALET,,
"Indeno(1,2,3-c,d) Pyrene","Indéno(1,2,3-c,d)pyrène",,,,,111163,0.002,,,,UG/L    ,ALET,,
"Dibenzo(a,h) Anthracene","Dibenz(a,h)anthracène",,,,,111164,0.003,,,,UG/L    ,ALET,,
"Benzo (g,h,i) Perylene","Benzo(g,h,i)pérylène",,,,,111165,0.003,,,,UG/L    ,ALET,,
Dibenzothiophene,Dibenzothiophène,,,,,111133,0.002,,,,UG/L    ,ALET,,
Naphthalene-d8,Naphtalène-D8,,,,,111166,1,,,,%       ,ALET,,
Acenaphthene-d10,Acénaphtène-D10,,,,,111167,1,,,,%       ,ALET,,
Phenanthrene-d10,Phénanthrène-D10,,,,,111168,1,,,,%       ,ALET,,
Chrysene-d12,Chrysène-D12,,,,,111169,1,,,,%       ,ALET,,
Benzo(a)pyrene-d12,Benzo(a)pyrène-D12,,,,,111170,1,,,,%       ,ALET,,
Fluoranthene-d10,Fluoranthène-D10,,,,,111171,1,,,,%       ,ALET,,
"Benzo(g,h,i)perylene-d12","Benzo(g,h,i)pérylène-D12",,,,,111172,1,,,,%       ,ALET,,
Benzo (e) Pyrene,Benzo(e)pyrène,,,,,111160,0.002,,,,UG/L    ,ALET,,
Perylene,Pérylène,,,,,111162,0.002,,,,UG/L    ,ALET,,
C1-Naphthalenes,Naphtalène-C1 ,,,,,111124,0.002,,,,UG/L    ,ALET,,
C2-Naphthalenes,Naphtalène-C2 ,,,,,111125,0.002,,,,UG/L    ,ALET,,
C3-Naphthalenes,Naphtalène-C3 ,,,,,111126,0.002,,,,UG/L    ,ALET,,
C4-Naphthalenes,Naphtalène-C4 ,,,,,111127,0.002,,,,UG/L    ,ALET,,
C1-Dibenzothiophenes,Dibenzothiophène-C1,,,,,111134,0.002,,,,UG/L    ,ALET,,
C2-Dibenzothiophenes,Dibenzothiophène-C2,,,,,111135,0.002,,,,UG/L    ,ALET,,
C1-Fluoranthene/Pyrenes,Fluoranthène/pyrène-C1 ,,,,,111136,0.002,,,,UG/L    ,ALET,,
C2-Fluoranthene/Pyrenes,Fluoranthène/pyrène-C2,,,,,111137,0.002,,,,UG/L    ,ALET,,
C1-Fluorene,Fluorène-C1,,,,,111139,0.002,,,,UG/L    ,ALET,,
C2-Fluorene,Fluorène-C2,,,,,111140,0.002,,,,UG/L    ,ALET,,
C3-Fluorene,Fluorène-C3,,,,,111141,0.002,,,,UG/L    ,ALET,,
C4-Fluorene,Fluorène-C4,,,,,111142,0.002,,,,UG/L    ,ALET,,
C3-Dibenzothiophene,Dibenzothiophène-C3,,,,,111143,0.002,,,,UG/L    ,ALET,,
C1-Phenanthrene,Phénanthrène-C1,,,,,111146,0.002,,,,UG/L    ,ALET,,
C2-Phenanthrene,Phénanthrène-C2,,,,,111147,0.002,,,,UG/L    ,ALET,,
C3-Phenanthrene,Phénanthrène-C3,,,,,111148,0.002,,,,UG/L    ,ALET,,
C4-Phenanthrene,Phénanthrène-C4,,,,,111149,0.002,,,,UG/L    ,ALET,,
C1-Chrysene,Chrysène-C1,,,,,111154,0.002,,,,UG/L    ,ALET,,
C2-Chrysene,Chrysène-C2,,,,,111155,0.002,,,,UG/L    ,ALET,,
C3-Chrysene,Chrysène-C3,,,,,111156,0.002,,,,UG/L    ,ALET,,
C4-Chrysene,Chrysène-C4,,,,,111157,0.002,,,,UG/L    ,ALET,,
Biphenyl,Biphényle,,,,,111128,0.002,,,,UG/L    ,ALET,,
Naphthalene,Naphtalène,,,,,111268,35,,,,ng/L,ALET,,
Acenaphthylene,Acénaphtylène,,,,,111269,5,,,,ng/L,ALET,,
Acenaphthene,Acénaphtène,,,,,111270,8,,,,ng/L,ALET,,
Fluorene,Fluorène,,,,,111271,14,,,,ng/L,ALET,,
Phenanthrene,Phénanthrène,,,,,111272,13,,,,ng/L,ALET,,
Anthracene,Athracène,,,,,111273,5,,,,ng/L,ALET,,
Fluoranthene,Fluoranthène,,,,,111274,4,,,,ng/L,ALET,,
Pyrene,Pyrène,,,,,111275,4,,,,ng/L,ALET,,
Benzo(a)anthracene,Benzo(a)anthracène,,,,,111276,4,,,,ng/L,ALET,,
Chrysene,Chrysène,,,,,111277,6,,,,ng/L,ALET,,
Benzo(b)fluoranthene,Benzo(b)fluoranthène,,,,,111278,5,,,,ng/L,ALET,,
Benzo(k)fluoranthene,Benzo(k)fluoranthène,,,,,111279,5,,,,ng/L,ALET,,
Benzo(a)pyrene,Benzo(a)pyrène,,,,,111280,5,,,,ng/L,ALET,,
"Indeno(1,2,3-cd)pyrene","Indéno(1,2,3-c,d)pyrène",,,,,111281,3,,,,ng/L,ALET,,
"Dibenzo(a,h)anthracene","Dibenz(a,h)anthracène",,,,,111282,4,,,,ng/L,ALET,,
Benzo(ghi)perylene,"Benzo(g,h,i)pérylène",,,,,111283,4,,,,ng/L,ALET,,
DiBenzothiophene,Dibenzothiophène,,,,,111284,11,,,,ng/L,ALET,,
Naphthalene-d8,Naphtalène-D8,,,,,110580,1,,,,%,ALET,,
Acenaphthene-d10,Acénaphtène-D10,,,,,110581,1,,,,%,ALET,,
Phenanthrene-d10,Phénanthrène-D10,,,,,110582,1,,,,%,ALET,,
Chrysene-d12,Chrysène-D12,,,,,110583,1,,,,%,ALET,,
Benzo(a)pyrene-d12,Benzo(a)pyrène-D12,,,,,110584,1,,,,%,ALET,,
Fluoranthene-d10,Fluoranthène-D10,,,,,110585,1,,,,%,ALET,,
Benzo(ghi)perylene-d12,"Benzo(g,h,i)pérylène-D12",,,,,110586,1,,,,%,ALET,,
Benzo(e)pyrene,Benzo(e)pyrène,,,,,110611,5,,,,ng/L,ALET,,
Perylene,Pérylène,,,,,110612,3,,,,ng/L,ALET,,
C1-Naphthalenes,Naphtalène-C1,,,,,110587,50,,,,ng/L,ALET,,
C2-Naphthalenes,Naphtalène-C2,,,,,110588,68,,,,ng/L,ALET,,
C3-Naphthalenes,Naphtalène-C3,,,,,110589,17,,,,ng/L,ALET,,
C4-Naphthalenes,Naphtalène-C4,,,,,110590,18,,,,ng/L,ALET,,
C1-Dibenzothiophenes,Dibenzothiophène-C1,,,,,110591,16,,,,ng/L,ALET,,
C2-Dibenzothiophenes,Dibenzothiophène-C2,,,,,110592,13,,,,ng/L,ALET,,
C1-Fluoranthenes/pyrenes,Fluoranthène/pyrène-C1,,,,,110593,16,,,,ng/L,ALET,,
C2-Fluoranthenes/pyrenes,Fluoranthène/pyrène-C2,,,,,110594,5,,,,ng/L,ALET,,
C1-Fluorenes,Fluorène-C1,,,,,110595,12,,,,ng/L,ALET,,
C2-Fluorenes,Fluorène-C2,,,,,110596,8,,,,ng/L,ALET,,
C3-Fluorenes,Fluorène-C3,,,,,110597,8,,,,ng/L,ALET,,
C4-Fluorenes,Fluorène-C4,,,,,110598,10,,,,ng/L,ALET,,
C3-Dibenzothiophenes,Dibenzothiophène-C3,,,,,110599,10,,,,ng/L,ALET,,
C1-Phenanthrenes,Phénanthrène-C1,,,,,110600,14,,,,ng/L,ALET,,
C2-Phenanthrenes,Phénanthrène-C2,,,,,110601,6,,,,ng/L,ALET,,
C3-Phenanthrenes,Phénanthrène-C3,,,,,110602,8,,,,ng/L,ALET,,
C4-Phenanthrenes,Phénanthrène-C4,,,,,110603,5,,,,ng/L,ALET,,
C1-Chrysenes,Chrysène-C1,,,,,110604,23,,,,ng/L,ALET,,
C2-Chrysenes,Chrysène-C2,,,,,110605,4,,,,ng/L,ALET,,
C3-Chrysenes,Chrysène-C3,,,,,110606,6,,,,ng/L,ALET,,
C4-Chrysenes,Chrysène-C4,,,,,110607,5,,,,ng/L,ALET,,
Biphenyl,Biphényle,,,,,110608,18,,,,ng/L,ALET,,
C4-Dibenzothiophenes,Dibenzothiophène-C4,,,,,111228,3,,,,ng/L,ALET,,
C3-Fluoranthene/Pyrenes,Fluoranthène/pyrène-C3,,,,,111229,3,,,,ng/L,ALET,,
C4-Fluoranthene/Pyrenes,Fluoranthène/pyrène-C4,,,,,111230,2,,,,ng/L,ALET,,
C1-Benzopyrenes,Benzopyrènes-C1,,,,,111231,2,,,,ng/L,ALET,,
C2-Benzopyrenes,Benzopyrènes-C2,,,,,111232,2,,,,ng/L,ALET,,
Acridine,Acridine,,,,,111233,3,,,,ng/L,ALET,,
Carbazole,Carbazole,,,,,111234,7,,,,ng/L,ALET,,
"Indeno(1,2,3-cd)fluoranthene","Indéno(1,2,3-cd)fluoranthène",,,,,111235,3,,,,ng/L,ALET,,
Retene,Rétène,,,,,111236,3,,,,ng/L,ALET,,
SILVER TOTAL,Argent total,,,,,,,108664,107904,0.001,UG/L,NLET Burlington,,
ALUMINUM TOTAL,Aluminium total,,,,,,,108665,107905,0.5,UG/L,NLET Burlington,,
ARSENIC TOTAL,Arsenic  total,,,,,,,108666,107906,0.01,UG/L,NLET Burlington,,
BORON TOTAL,Bore  total,,,,,,,108667,107907,0.5,UG/L,NLET Burlington,,
BARIUM TOTAL,Baryum total,,,,,,,108668,107908,0.05,UG/L,NLET Burlington,,
BERYLLIUM TOTAL,Béryllium total,,,,,,,108669,107909,0.001,UG/L,NLET Burlington,,
BISMUTH TOTAL,Bismuth total,,,,,,,108670,107910,0.001,UG/L,NLET Burlington,,
CALCIUM TOTAL,Calcium total,,,,,,,108671,,0.05,MG/L,NLET Burlington,,
CADMIUM TOTAL,Cadmium total,,,,,,,108672,107911,0.001,UG/L,NLET Burlington,,
CERIUM TOTAL,Cérium total,,,,,,,108673,,0.001,UG/L,NLET Burlington,,
COBALT TOTAL,Cobalt total,,,,,,,108674,107913,0.002,UG/L,NLET Burlington,,
CHROMIUM TOTAL,Chrome total,,,,,,,108675,107914,0.01,UG/L,NLET Burlington,,
CESIUM TOTAL,Césium total,,,,,,,108676,,0.001,UG/L,NLET Burlington,,
COPPER TOTAL,Cuivre total,,,,,,,108677,107916,0.02,UG/L,NLET Burlington,,
IRON TOTAL,Fer total,,,,,,,108678,107917,0.5,UG/L,NLET Burlington,,
GALLIUM TOTAL,Gallium total,,,,,,,108679,107918,0.001,UG/L,NLET Burlington,,
GERMANIUM TOTAL,Germanium total,,,,,,,108681,,0.01,UG/L,NLET Burlington,,
INDIUM TOTAL,Indium total,,,,,,,108682,,0.001,UG/L,NLET Burlington,,
POTASSIUM TOTAL,Potassium dissous/filtré,,,,,,,108683,,0.01,MG/L,NLET Burlington,,
LANTHANUM TOTAL,Lanthane total,,,,,,,108684,107919,0.001,UG/L,NLET Burlington,,
LITHIUM TOTAL,Lithium total,,,,,,,108685,107920,0.01,UG/L,NLET Burlington,,
MAGNESIUM TOTAL,Magnésium total,,,,,,,108686,,0.005,MG/L,NLET Burlington,,
MANGANESE TOTAL,Manganèse total,,,,,,,108687,107921,0.05,UG/L,NLET Burlington,,
MOLYBDENUM TOTAL,Molybdène total,,,,,,,108688,107922,0.005,UG/L,NLET Burlington,,
SODIUM TOTAL,Sodium total,,,,,,,108689,,0.001,MG/L,NLET Burlington,,
NIOBIUM TOTAL,Niobium total,,,,,,,108690,,0.001,UG/L,NLET Burlington,,
NICKEL TOTAL,Nickel  total,,,,,,,108691,107924,0.02,UG/L,NLET Burlington,,
LEAD TOTAL,Plomb total,,,,,,,108692,107925,0.005,UG/L,NLET Burlington,,
PALLADIUM,Palladium total,,,,,,,108693,,0.001,UG/L,NLET Burlington,,
PLATINUM TOTAL,Platine total,,,,,,,108694,,0.001,UG/L,NLET Burlington, Note: DL 0.005 ug/L reported,
RUBIDIUM TOTAL,Rubidium total,,,,,,,108695,107928,0.001,UG/L,NLET Burlington,,
RHODIUM TOTAL,Rhodium total,,,,,,,108696,,0.001,UG/L,NLET Burlington,,
ANTIMONY TOTAL,Antimoine total,,,,,,,108697,107929,0.001,UG/L,NLET Burlington,,
SCANDIUM TOTAL,Scandium total,,,,,,,108698,,0.01,UG/L,NLET Burlington,,
SELENIUM TOTAL,Sélénium total,,,,,,,108699,107930,0.01,UG/L,NLET Burlington,,
TIN TOTAL,Étain total,,,,,,,108700,,0.005,UG/L,NLET Burlington,,
STRONTIUM TOTAL,Strontium total,,,,,,,108701,107932,0.05,UG/L,NLET Burlington,,
TELLURIUM TOTAL,Tellurium total,,,,,,,108702,,0.01,UG/L,NLET Burlington,,
TITANIUM TOTAL,Titane total,,,,,,,108703,,0.1,UG/L,NLET Burlington,,
THALLIUM TOTAL,Thallium total,,,,,,,108704,107934,0.001,UG/L,NLET Burlington,,
URANIUM TOTAL,Uranium total,,,,,,,108705,107935,0.0005,UG/L,NLET Burlington,,
VANADIUM TOTAL,Vanadium total,,,,,,,108706,107936,0.005,UG/L,NLET Burlington,,
TUNGSTEN TOTAL,Tungstène total,,,,,,,108707,,0.001,UG/L,NLET Burlington,,
YTTRIUM TOTAL,Yttrium total,,,,,,,108708,,0.001,UG/L,NLET Burlington,,
ZINC TOTAL,Zinc total,,,,,,,108709,107939,0.2,UG/L,NLET Burlington,,
ZIRCONIUM TOTAL,Zirconium total,,,,,,,108710,,0.1,UG/L,NLET Burlington,,
SILVER DISSOLVED,Argent dissous,,,,,,,108711,107940,0.001,UG/L,NLET Burlington,,
ALUMINUM DISSOLVED,Aluminium dissous,,,,,,,108712,107941,0.5,UG/L,NLET Burlington,,
ARSENIC DISSOLVED,Arsenic  dissous,,,,,,,108713,107942,0.01,UG/L,NLET Burlington,,
BORON DISSOLVED,Bore  dissous,,,,,,,108714,107943,0.5,UG/L,NLET Burlington,,
BARIUM DISSOLVED,Baryum dissous,,,,,,,108715,107944,0.05,UG/L,NLET Burlington,,
BERYLLIUM DISSOLVED,Béryllium dissous,,,,,,,108716,107945,0.001,UG/L,NLET Burlington,,
BISMUTH DISSOLVED,Bismuth dissous,,,,,,,108717,107946,0.001,UG/L,NLET Burlington,,
CALCIUM DISSOLVED,Calcium dissous,,,,,,,108718,,0.05,MG/L,NLET Burlington,,
CADMIUM DISSOLVED,Cadmium dissous,,,,,,,108719,107947,0.001,UG/L,NLET Burlington,,
CERIUM DISSOLVED,Cérium dissous,,,,,,,108720,107948,0.001,UG/L,NLET Burlington,,
COBALT DISSOLVED,Cobalt dissous,,,,,,,108721,107949,0.002,UG/L,NLET Burlington,,
CHROMIUM DISSOLVED,Chrome dissous,,,,,,,108722,107950,0.01,UG/L,NLET Burlington,,
CESIUM DISSOLVED,Césium dissous,,,,,,,108723,107951,0.001,UG/L,NLET Burlington,,
COPPER DISSOLVED,Cuivre dissous,,,,,,,108724,107952,0.02,UG/L,NLET Burlington,,
IRON DISSOLVED,Fer dissous,,,,,,,108725,107953,0.5,UG/L,NLET Burlington,,
GALLIUM DISSOLVED,Gallium dissous,,,,,,,108726,104954,0.001,UG/L,NLET Burlington,,
GERMANIUM DISSOLVED,Germanium dissous,,,,,,,108728,,0.01,UG/L,NLET Burlington,,
INDIUM DISSOLVED,Indium dissous,,,,,,,108729,,0.001,UG/L,NLET Burlington,,
POTASSIUM DISSOLVED,Potassium dissous/filtré,,,,,,,108730,,0.01,MG/L,NLET Burlington,,
LANTHANUM DISSOLVED,Lanthane dissous,,,,,,,108731,107955,0.001,UG/L,NLET Burlington,,
LITHIUM DISSOLVED,Lithium dissous,,,,,,,108732,107956,0.01,UG/L,NLET Burlington,,
MAGNESIUM DISSOLVED,Magnésium dissous,,,,,,,108733,,0.005,MG/L,NLET Burlington,,
MANGANESE DISSOLVED,Manganèse dissous,,,,,,,108734,107957,0.05,UG/L,NLET Burlington,,
MOLYBDENUM DISSOLVED,Molybdène dissous,,,,,,,108735,107958,0.005,UG/L,NLET Burlington,,
SODIUM DISSOLVED,Sodium dissous,,,,,,,108736,,0.001,MG/L,NLET Burlington,,
"NIOBIUM, DISSOLVED",Niobium dissous,,,,,,,108737,107959,0.001,UG/L,NLET Burlington,,
NICKEL DISSOLVED,Nickel  dissous,,,,,,,108738,107960,0.02,UG/L,NLET Burlington,,
LEAD DISSOLVED,Plomb dissous,,,,,,,108739,107961,0.005,UG/L,NLET Burlington,,
PALLADIUM DISSOLVED,Palladium dissous,,,,,,,108740,,0.001,UG/L,NLET Burlington,,
PLATINUM DISSOLVED,Platine dissous,,,,,,,108741,107963,0.001,UG/L,NLET Burlington,,
RUBIDIUM DISSOLVED,Rubidium dissous,,,,,,,108742,107964,0.001,UG/L,NLET Burlington,,
RHODIUM DISSOLVED,Rhodium dissous,,,,,,,108743,,0.001,UG/L,NLET Burlington,,
ANTIMONY DISSOLVED,Antimoine dissous,,,,,,,108744,107965,0.001,UG/L,NLET Burlington,,
SCANDIUM DISSOLVED,Scandium dissous,,,,,,,108745,,0.01,UG/L,NLET Burlington,,
SELENIUM DISSOLVED,Sélénium dissous,,,,,,,108746,107966,0.01,UG/L,NLET Burlington,,
TIN DISSOLVED,Étain dissous,,,,,,,108747,107967,0.005,UG/L,NLET Burlington,,
STRONTIUM DISSOLVED,Strontium dissous,,,,,,,108748,107968,0.05,UG/L,NLET Burlington,,
TELLURIUM DISSOLVED,Tellurium dissous,,,,,,,108749,,0.01,UG/L,NLET Burlington,,
TITANIUM DISSOLVED,Titane dissous,,,,,,,108750,,0.1,UG/L,NLET Burlington,,
THALLIUM DISSOLVED,Thallium dissous,,,,,,,108751,107970,0.001,UG/L,NLET Burlington,,
URANIUM DISSOLVED,Uranium dissous,,,,,,,108752,107971,0.0005,UG/L,NLET Burlington,,
VANADIUM DISSOLVED,Vanadium dissous,,,,,,,108753,107972,0.005,UG/L,NLET Burlington,,
TUNGSTEN DISSOLVED,Tungstène dissous,,,,,,,108754,107973,0.001,UG/L,NLET Burlington,,
YTTRIUM DISSOLVED,Yttrium dissous,,,,,,,108755,107974,0.001,UG/L,NLET Burlington,,
ZINC DISSOLVED,Zinc dissous,,,,,,,108756,107975,0.2,UG/L,NLET Burlington,,
ZIRCONIUM DISSOLVED,Zirconium dissous,,,,,,,108757,,0.1,UG/L,NLET Burlington,,
